sample_id,anchor_episode_id,successor_episode_id,final_outcome,final_confidence,anchor_award_notice_date,candidate_start_date,publication_gap_days,anchor_buyer_name,candidate_buyer_name,anchor_theme,candidate_urls_json,final_reason
RV-010,EP-a547673afe2dda78,EP-30ed99860ba06292,OBSERVED_SUCCESSOR,MEDIUM,2020-10-11,2025-03-11,1612,Université de Bretagne Occidentale,Université de Bretagne Occidentale,CPV-32,"[""https://www.boamp.fr/pages/avis/?q=idweb:25-26886""]",Same UBO buyer and a later procurement to refit the university computer networks; the functional network need continues in a new procedure.
RV-011,EP-761e9e86bf100636,EP-9fdcd915e2532264,OBSERVED_SUCCESSOR,HIGH,2017-07-14,2021-03-28,1353,Région Bretagne,Région Bretagne,CPV-32,"[""https://www.boamp.fr/pages/avis/?q=idweb:21-40411"", ""https://www.boamp.fr/pages/avis/?q=idweb:21-113756""]",Same Région Bretagne buyer and a later telecommunications framework covering the same fixed and mobile telecommunications need.
RV-012,EP-be2c7634a4783b45,EP-c2d565c3cbc7ef2c,OBSERVED_SUCCESSOR,HIGH,2017-04-05,2021-03-19,1444,Conseil régional des Pays de la Loire,Conseil régional des Pays de la Loire,CPV-72,"[""https://www.boamp.fr/pages/avis/?q=idweb:21-35651"", ""https://www.boamp.fr/pages/avis/?q=idweb:21-52670""]",Same regional buyer and a later contract explicitly continuing support for execution of the Pays de la Loire digital master plan.
RV-015,EP-0c7a42dbe93a0197,EP-7580adec0b1d9f9f,OBSERVED_SUCCESSOR,MEDIUM,2015-12-31,2016-10-17,291,Brest métropole,Brest métropole,CPV-32,"[""https://www.boamp.fr/pages/avis/?q=idweb:16-148531"", ""https://www.boamp.fr/pages/avis/?q=idweb:16-184860""]","Same Brest buyer and a new works procedure continuing cabling for traffic signalling, urban equipment and the high-speed network."
RV-019,EP-88c514f9a822db41,EP-658043f693108dc1,OBSERVED_SUCCESSOR,HIGH,2019-11-27,2023-03-30,1219,Syndicat Mixte Manche Numérique,Syndicat Mixte Manche Numérique,CPV-32,"[""https://www.boamp.fr/pages/avis/?q=idweb:23-41674"", ""https://www.boamp.fr/pages/avis/?q=idweb:23-56852"", ""https://www.boamp.fr/pages/avis/?q=idweb:23-101859""]","Same Manche Numérique buyer and a later framework covering mobile services, devices and accessories, continuing the mobile-telephony purchasing need."
RV-024,EP-e271e18398216f7d,EP-139ed3fb82f2934b,OBSERVED_SUCCESSOR,HIGH,2016-07-22,2021-02-28,1682,Université de Nantes,Université de Nantes,CPV-32,"[""https://www.boamp.fr/pages/avis/?q=idweb:21-26708"", ""https://www.boamp.fr/pages/avis/?q=idweb:21-77050""]",Same university and infrastructure; the later procedure covers maintenance and evolution of the Wi-Fi infrastructure created or refitted by the anchor.
RV-032,EP-4e4727b287bf8935,EP-bfc9d602357cbb4a,OBSERVED_SUCCESSOR,MEDIUM,2016-04-30,2020-12-11,1686,Département de la Sarthe,DEPARTEMENT DE LA SARTHE,CPV-32,"[""https://www.boamp.fr/pages/avis/?q=idweb:20-150503"", ""https://www.boamp.fr/pages/avis/?q=idweb:21-63053""]",Same department and colleges; the later procedure provides operational maintenance for the computer networks and IP telephony deployed by the anchor.
RV-041,EP-a959ff0f4cb86340,EP-f392aa822ca99f0c,OBSERVED_SUCCESSOR,HIGH,2016-07-04,2018-05-31,696,SDE35,SDE35,CPV-48,"[""https://www.boamp.fr/pages/avis/?q=idweb:18-74094""]","Same SDE35 buyer and nearly identical acquisition, implementation, integration and maintenance need for the business-management software."
RV-042,EP-88ec6140fd9d0436,EP-95519c6f991fe915,OBSERVED_SUCCESSOR,HIGH,2019-03-07,2025-09-05,2374,CCAS DE LA ROCHE-SUR-YON,CIAS de La Roche-sur-Yon (85),CPV-35,"[""https://www.boamp.fr/pages/avis/?q=idweb:25-98483""]",The later CIAS procedure continues maintenance and evolution of nurse-call and anti-wandering systems for the same local elderly-care establishments.
RV-046,EP-e95abb916548b865,EP-1e702d8ff86782c4,OBSERVED_SUCCESSOR,MEDIUM,2016-06-02,2019-11-02,1248,Ville de Caen,Ville de Caen,CPV-48,"[""https://www.boamp.fr/pages/avis/?q=idweb:19-166173"", ""https://www.boamp.fr/pages/avis/?q=idweb:20-71666""]",Same City of Caen parking function; the later procedure integrates operation of paid parking and the related control equipment.
RV-051,EP-843eb3fcdf81f13f,EP-732e3d9024c413de,OBSERVED_SUCCESSOR,HIGH,2019-11-08,2020-03-26,139,MARINE/DCSSF/ DSSFBrest,MARINE/DCSSF/ DSSFBrest,CPV-35,"[""https://www.boamp.fr/pages/avis/?q=idweb:20-44434"", ""https://www.boamp.fr/pages/avis/?q=idweb:20-156116""]",Same Marine buyer and a new procedure with an almost identical need for miscellaneous telephony spare parts for naval units.
RV-052,EP-d00a6c5610042d4f,EP-95519c6f991fe915,OBSERVED_SUCCESSOR,HIGH,2018-10-14,2025-09-05,2518,CCAS DE LA ROCHE-SUR-YON,CIAS de La Roche-sur-Yon (85),CPV-35,"[""https://www.boamp.fr/pages/avis/?q=idweb:25-98483""]",The later CIAS procedure continues maintenance and evolution of nurse-call and anti-wandering systems for the same local elderly-care establishments.
RV-055,EP-1c39afc93ace120d,EP-dac655a2965d2b59,OBSERVED_SUCCESSOR,HIGH,2016-09-08,2020-04-30,1330,Département de la Vendée,Département de la Vendée,CPV-72,"[""https://www.boamp.fr/pages/avis/?q=idweb:20-58079"", ""https://www.boamp.fr/pages/avis/?q=idweb:20-119931""]",Same Vendée department and a later procedure with the same outsourced IT help-desk service.
RV-064,EP-c73058318e183f7d,EP-687453812228f682,OBSERVED_SUCCESSOR,HIGH,2016-07-02,2020-03-11,1348,Département de la Vendée,Département de la Vendée,CPV-48,"[""https://www.boamp.fr/pages/avis/?q=idweb:20-35779"", ""https://www.boamp.fr/pages/avis/?q=idweb:20-101735""]",Same Vendée department and colleges and a later procedure with the same IT-fleet maintenance need.
RV-072,EP-a7005a531d605208,EP-e92392289f7a7044,OBSERVED_SUCCESSOR,MEDIUM,2015-10-20,2016-03-31,163,Université d'Angers,Université d'Angers,CPV-32,"[""https://www.boamp.fr/pages/avis/?q=idweb:16-46830"", ""https://www.boamp.fr/pages/avis/?q=idweb:16-105924""]",Same university and Wi-Fi environment; the later procedure extends the same high-speed campus Wi-Fi solution.
RV-079,EP-fb0e50ff03087d93,EP-0965582e2b179883,OBSERVED_SUCCESSOR,HIGH,2016-11-09,2018-06-02,570,Université d'Angers,Université d'Angers,CPV-48,"[""https://www.boamp.fr/pages/avis/?q=idweb:18-74252"", ""https://www.boamp.fr/pages/avis/?q=idweb:18-167195""]",Same buyer and an essentially identical later procurement of network switches and associated supervision maintenance.
RV-088,EP-363bf61e50c06eb8,EP-31a82c9d37fe9d86,OBSERVED_SUCCESSOR,HIGH,2020-01-23,2025-01-24,1828,CENTRE HOSPITALIER UNIVERSITAIRE,Centre Hospitalier Universitaire Caen Normandie,CPV-72,"[""https://www.boamp.fr/pages/avis/?q=idweb:25-8260""]",Same buyer and a later procedure continuing support for the same Maincare software family integrated into the information system.
RV-090,EP-e6caf620fb41b13c,EP-86c9faeca01fdd7f,MULTIPLE_SUCCESSORS,HIGH,2016-08-25,2017-05-13,261,Seine-Maritime Numerique,Seine-Maritime Numerique,CPV-32,"[""https://www.boamp.fr/pages/avis/?q=idweb:17-64459"", ""https://www.boamp.fr/pages/avis/?q=idweb:17-122753""]",The same Seine-Maritime Numérique buyer continued the FTTH deployment through several later geographic phases and an extension framework.
RV-090,EP-e6caf620fb41b13c,EP-7c3d24a546e68d01,MULTIPLE_SUCCESSORS,HIGH,2016-08-25,2017-09-17,388,Seine-Maritime Numerique,Seine-Maritime Numerique,CPV-32,"[""https://www.boamp.fr/pages/avis/?q=idweb:17-125949""]",The same Seine-Maritime Numérique buyer continued the FTTH deployment through several later geographic phases and an extension framework.
RV-090,EP-e6caf620fb41b13c,EP-c6cf99e1fe50b923,MULTIPLE_SUCCESSORS,HIGH,2016-08-25,2018-04-13,596,Seine-Maritime Numerique,Seine-Maritime Numerique,CPV-32,"[""https://www.boamp.fr/pages/avis/?q=idweb:18-23479""]",The same Seine-Maritime Numérique buyer continued the FTTH deployment through several later geographic phases and an extension framework.
RV-090,EP-e6caf620fb41b13c,EP-5ea5d028454a1667,MULTIPLE_SUCCESSORS,HIGH,2016-08-25,2021-07-17,1787,Seine-Maritime Numerique,Seine-Maritime Numerique,CPV-32,"[""https://www.boamp.fr/pages/avis/?q=idweb:21-74350"", ""https://www.boamp.fr/pages/avis/?q=idweb:21-155792""]",The same Seine-Maritime Numérique buyer continued the FTTH deployment through several later geographic phases and an extension framework.
RV-093,EP-1bf59427055ac414,EP-dcc84ebf9a1123d1,OBSERVED_SUCCESSOR,HIGH,2018-06-02,2022-02-04,1343,SDIS 44,SDIS 44,CPV-48,"[""https://www.boamp.fr/pages/avis/?q=idweb:22-17364"", ""https://www.boamp.fr/pages/avis/?q=idweb:22-37710""]","Same SDIS 44 buyer and a later procedure with the same office-software supply, maintenance and associated-services need."
RV-096,EP-4c42a98a51dd42fb,EP-b2dd275d6df723c9,OBSERVED_SUCCESSOR,HIGH,2019-08-25,2025-04-06,2051,Département de Maine-et-Loire,Département de Maine-et-Loire,CPV-72,"[""https://www.boamp.fr/pages/avis/?q=idweb:25-38470"", ""https://www.boamp.fr/pages/avis/?q=idweb:25-67468""]",Same Maine-et-Loire department and a later procedure with the same Microsoft licences and online-services need.
RV-099,EP-4c4dafdfde8b8d09,EP-924be67e100483d8,OBSERVED_SUCCESSOR,HIGH,2019-10-13,2023-06-07,1333,Département d'Ille et Vilaine,Département d'Ille-et-Vilaine,CPV-32,"[""https://www.boamp.fr/pages/avis/?q=idweb:23-77654""]",Same department and college network; the later procurement continues operation of the metropolitan telecommunications network.
RV-105,EP-1283b2bf7747d838,EP-a90c2e3e614014da,OBSERVED_SUCCESSOR,MEDIUM,2017-07-01,2020-01-25,938,Département des Côtes d'Armor,Département des Côtes d'Armor,CPV-32,"[""https://www.boamp.fr/pages/avis/?q=idweb:20-2856"", ""https://www.boamp.fr/pages/avis/?q=idweb:20-74235""]",Same Côtes-d'Armor department and a later communications-infrastructure contract continuing maintenance and evolution of the telephony environment.
RV-114,EP-c5dbe75a246e1eb7,EP-61602762e94b15d4,OBSERVED_SUCCESSOR,HIGH,2019-01-04,2022-04-27,1209,Brest métropole,Brest métropole,CPV-32,"[""https://www.boamp.fr/pages/avis/?q=idweb:22-58440"", ""https://www.boamp.fr/pages/avis/?q=idweb:22-78991"", ""https://www.boamp.fr/pages/avis/?q=idweb:22-151258""]",Same buyer and a later framework for the same telecommunications-services need.
RV-116,EP-8997254e267a10d9,EP-4b6003c67c4ce66a,OBSERVED_SUCCESSOR,HIGH,2019-02-16,2023-06-01,1566,MAINE LOIRE HABITAT OFFICE PUB HABITAT,MAINE LOIRE HABITAT OFFICE PUB HABITAT,CPV-48,"[""https://www.boamp.fr/pages/avis/?q=idweb:23-72834"", ""https://www.boamp.fr/pages/avis/?q=idweb:23-143704""]",Same buyer group and a later procurement with the same server hosting and managed-services need.
RV-119,EP-a9b0cb511a30cb9f,EP-dee7bbe13c438700,OBSERVED_SUCCESSOR,HIGH,2022-10-19,2023-06-29,253,Ville de Vernon,Ville de Vernon,CPV-32,"[""https://www.boamp.fr/pages/avis/?q=idweb:23-89021""]",The later group procurement explicitly includes Vernon and continues acquisition or extension of the municipal video-protection system.
