date,records
2015-03-02,481
2015-03-03,691
2015-03-04,713
2015-03-05,622
2015-03-06,792
2015-03-07,2
2015-03-08,2
2015-03-09,745
2015-03-10,734
2015-03-11,689
2015-03-12,573
2015-03-13,682
2015-03-14,1
2015-03-15,1
2015-03-16,890
2015-03-17,735
2015-03-18,780
2015-03-19,679
2015-03-20,746
2015-03-21,4
2015-03-23,789
2015-03-24,824
2015-03-25,648
2015-03-26,752
2015-03-27,709
2015-03-28,4
2015-03-29,1
2015-03-30,768
2015-03-31,842
2015-04-01,714
2015-04-02,768
2015-04-03,709
2015-04-04,2
2015-04-06,1
2015-04-07,702
2015-04-08,694
2015-04-09,563
2015-04-10,826
2015-04-11,2
2015-04-13,964
2015-04-14,824
2015-04-15,634
2015-04-16,690
2015-04-17,910
2015-04-18,4
2015-04-20,904
2015-04-21,817
2015-04-22,747
2015-04-23,819
2015-04-24,801
2015-04-25,3
2015-04-27,768
2015-04-28,655
2015-04-29,825
2015-04-30,805
2015-05-01,1
2015-05-02,2
2015-05-03,2
2015-05-04,1263
2015-05-05,752
2015-05-06,657
2015-05-07,805
2015-05-08,5
2015-05-09,3
2015-05-10,1
2015-05-11,824
2015-05-12,812
2015-05-13,724
2015-05-14,4
2015-05-15,703
2015-05-17,2
2015-05-18,564
2015-05-19,670
2015-05-20,711
2015-05-21,582
2015-05-22,778
2015-05-23,5
2015-05-26,688
2015-05-27,805
2015-05-28,757
2015-05-29,710
2015-05-30,5
2015-06-01,930
2015-06-02,723
2015-06-03,680
2015-06-04,730
2015-06-05,871
2015-06-06,4
2015-06-08,728
2015-06-09,853
2015-06-10,743
2015-06-11,695
2015-06-12,668
2015-06-13,3
2015-06-14,1
2015-06-15,929
2015-06-16,815
2015-06-17,531
2015-06-18,771
2015-06-19,676
2015-06-20,3
2015-06-22,723
2015-06-23,641
2015-06-24,810
2015-06-25,608
2015-06-26,656
2015-06-27,3
2015-06-28,2
2015-06-29,722
2015-06-30,780
2015-07-01,771
2015-07-02,688
2015-07-03,900
2015-07-04,3
2015-07-06,886
2015-07-07,890
2015-07-08,595
2015-07-09,1059
2015-07-10,1109
2015-07-11,3
2015-07-12,1
2015-07-13,932
2015-07-14,1
2015-07-15,465
2015-07-16,715
2015-07-17,734
2015-07-18,3
2015-07-19,2
2015-07-20,769
2015-07-21,747
2015-07-22,782
2015-07-23,761
2015-07-24,702
2015-07-27,973
2015-07-28,805
2015-07-29,710
2015-07-30,735
2015-07-31,752
2015-08-01,4
2015-08-03,598
2015-08-04,584
2015-08-05,781
2015-08-06,617
2015-08-07,616
2015-08-08,1
2015-08-09,3
2015-08-10,742
2015-08-11,526
2015-08-12,574
2015-08-13,435
2015-08-14,446
2015-08-15,1
2015-08-16,1
2015-08-17,514
2015-08-18,463
2015-08-19,391
2015-08-20,554
2015-08-21,521
2015-08-23,1
2015-08-24,448
2015-08-25,603
2015-08-26,461
2015-08-27,532
2015-08-28,490
2015-08-29,2
2015-08-31,597
2015-09-01,423
2015-09-02,540
2015-09-03,640
2015-09-04,584
2015-09-05,2
2015-09-07,577
2015-09-08,657
2015-09-09,601
2015-09-10,749
2015-09-11,669
2015-09-12,1
2015-09-14,643
2015-09-15,661
2015-09-16,620
2015-09-17,589
2015-09-18,724
2015-09-19,3
2015-09-20,1
2015-09-21,600
2015-09-22,622
2015-09-23,645
2015-09-24,468
2015-09-25,700
2015-09-26,3
2015-09-27,2
2015-09-28,780
2015-09-29,675
2015-09-30,518
2015-10-01,633
2015-10-02,655
2015-10-03,2
2015-10-04,2
2015-10-05,976
2015-10-06,660
2015-10-07,709
2015-10-08,581
2015-10-09,797
2015-10-10,2
2015-10-12,654
2015-10-13,670
2015-10-14,738
2015-10-15,652
2015-10-16,811
2015-10-17,6
2015-10-18,1
2015-10-19,1063
2015-10-20,720
2015-10-21,625
2015-10-22,659
2015-10-23,764
2015-10-24,3
2015-10-25,1
2015-10-26,654
2015-10-27,559
2015-10-28,614
2015-10-29,678
2015-10-30,544
2015-10-31,2
2015-11-02,489
2015-11-03,492
2015-11-04,747
2015-11-05,588
2015-11-06,790
2015-11-07,4
2015-11-08,2
2015-11-09,820
2015-11-10,628
2015-11-11,3
2015-11-12,455
2015-11-13,684
2015-11-14,3
2015-11-16,708
2015-11-17,538
2015-11-18,609
2015-11-19,602
2015-11-20,599
2015-11-21,1
2015-11-22,2
2015-11-23,599
2015-11-24,454
2015-11-25,496
2015-11-26,795
2015-11-27,588
2015-11-28,1
2015-11-30,694
2015-12-01,612
2015-12-02,571
2015-12-03,458
2015-12-04,665
2015-12-05,3
2015-12-07,558
2015-12-08,586
2015-12-09,516
2015-12-10,536
2015-12-11,455
2015-12-12,3
2015-12-13,1
2015-12-14,879
2015-12-15,739
2015-12-16,635
2015-12-17,665
2015-12-18,602
2015-12-19,1
2015-12-21,720
2015-12-22,673
2015-12-23,671
2015-12-24,767
2015-12-28,461
2015-12-29,356
2015-12-30,310
2015-12-31,331
2016-01-04,465
2016-01-05,573
2016-01-06,446
2016-01-07,697
2016-01-08,707
2016-01-09,2
2016-01-11,731
2016-01-12,622
2016-01-13,803
2016-01-14,674
2016-01-15,604
2016-01-18,715
2016-01-19,512
2016-01-20,629
2016-01-21,680
2016-01-22,463
2016-01-24,1
2016-01-25,617
2016-01-26,627
2016-01-27,600
2016-01-28,719
2016-01-29,661
2016-01-30,6
2016-01-31,1
2016-02-01,747
2016-02-02,652
2016-02-03,521
2016-02-04,729
2016-02-05,667
2016-02-06,3
2016-02-08,770
2016-02-09,695
2016-02-10,584
2016-02-11,625
2016-02-12,600
2016-02-13,5
2016-02-14,1
2016-02-15,799
2016-02-16,599
2016-02-17,590
2016-02-18,528
2016-02-19,650
2016-02-20,2
2016-02-22,691
2016-02-23,572
2016-02-24,455
2016-02-25,659
2016-02-26,588
2016-02-29,465
2016-03-01,683
2016-03-02,527
2016-03-03,597
2016-03-04,557
2016-03-05,1
2016-03-07,808
2016-03-08,626
2016-03-09,615
2016-03-10,661
2016-03-11,677
2016-03-12,1
2016-03-14,690
2016-03-15,677
2016-03-16,669
2016-03-17,622
2016-03-18,568
2016-03-19,2
2016-03-20,1
2016-03-21,862
2016-03-22,806
2016-03-23,597
2016-03-24,790
2016-03-25,820
2016-03-26,2
2016-03-29,1096
2016-03-30,1364
2016-03-31,1882
2016-04-01,380
2016-04-04,186
2016-04-05,196
2016-04-06,261
2016-04-07,267
2016-04-08,425
2016-04-09,107
2016-04-10,82
2016-04-11,425
2016-04-12,474
2016-04-13,278
2016-04-14,432
2016-04-15,390
2016-04-16,79
2016-04-17,80
2016-04-18,404
2016-04-19,497
2016-04-20,313
2016-04-21,363
2016-04-22,391
2016-04-23,80
2016-04-24,39
2016-04-25,628
2016-04-26,502
2016-04-27,454
2016-04-28,466
2016-04-29,880
2016-04-30,148
2016-05-01,65
2016-05-02,1200
2016-05-03,453
2016-05-04,560
2016-05-05,199
2016-05-06,601
2016-05-07,299
2016-05-08,5
2016-05-09,322
2016-05-10,334
2016-05-11,573
2016-05-12,547
2016-05-13,739
2016-05-14,368
2016-05-15,2
2016-05-16,97
2016-05-17,559
2016-05-18,389
2016-05-19,321
2016-05-20,569
2016-05-21,123
2016-05-22,100
2016-05-23,1181
2016-05-24,438
2016-05-25,453
2016-05-26,555
2016-05-27,517
2016-05-28,114
2016-05-29,146
2016-05-30,1236
2016-05-31,444
2016-06-01,639
2016-06-02,528
2016-06-03,704
2016-06-04,154
2016-06-05,30
2016-06-06,823
2016-06-07,528
2016-06-08,704
2016-06-09,562
2016-06-10,726
2016-06-11,137
2016-06-12,44
2016-06-13,744
2016-06-14,439
2016-06-15,653
2016-06-16,697
2016-06-17,689
2016-06-18,275
2016-06-19,291
2016-06-20,525
2016-06-21,329
2016-06-22,640
2016-06-23,517
2016-06-24,670
2016-06-25,289
2016-06-26,77
2016-06-27,692
2016-06-28,436
2016-06-29,684
2016-06-30,639
2016-07-01,709
2016-07-02,271
2016-07-03,141
2016-07-04,642
2016-07-05,373
2016-07-06,672
2016-07-07,765
2016-07-08,757
2016-07-09,257
2016-07-10,48
2016-07-11,926
2016-07-12,322
2016-07-13,601
2016-07-14,297
2016-07-15,960
2016-07-16,5
2016-07-17,64
2016-07-18,531
2016-07-19,432
2016-07-20,593
2016-07-21,582
2016-07-22,739
2016-07-23,339
2016-07-24,76
2016-07-25,729
2016-07-26,450
2016-07-27,774
2016-07-28,729
2016-07-29,621
2016-07-30,319
2016-07-31,228
2016-08-01,292
2016-08-02,544
2016-08-03,588
2016-08-04,598
2016-08-05,523
2016-08-06,276
2016-08-07,164
2016-08-08,332
2016-08-09,287
2016-08-10,339
2016-08-11,548
2016-08-12,502
2016-08-13,200
2016-08-14,196
2016-08-15,1
2016-08-16,236
2016-08-17,183
2016-08-18,420
2016-08-19,363
2016-08-20,193
2016-08-21,159
2016-08-22,274
2016-08-23,299
2016-08-24,469
2016-08-25,504
2016-08-26,449
2016-08-27,210
2016-08-28,99
2016-08-29,491
2016-08-30,246
2016-08-31,477
2016-09-01,485
2016-09-02,531
2016-09-03,229
2016-09-04,76
2016-09-05,370
2016-09-06,457
2016-09-07,578
2016-09-08,554
2016-09-09,564
2016-09-10,213
2016-09-11,101
2016-09-12,394
2016-09-13,308
2016-09-14,689
2016-09-15,545
2016-09-16,613
2016-09-17,264
2016-09-18,97
2016-09-19,599
2016-09-20,273
2016-09-21,537
2016-09-22,655
2016-09-23,593
2016-09-24,252
2016-09-25,154
2016-09-26,498
2016-09-27,365
2016-09-28,573
2016-09-29,591
2016-09-30,612
2016-10-01,192
2016-10-02,175
2016-10-03,585
2016-10-04,306
2016-10-05,596
2016-10-06,526
2016-10-07,698
2016-10-08,246
2016-10-09,151
2016-10-10,573
2016-10-11,354
2016-10-12,616
2016-10-13,710
2016-10-14,622
2016-10-15,304
2016-10-16,185
2016-10-17,528
2016-10-18,423
2016-10-19,510
2016-10-20,905
2016-10-21,337
2016-10-22,295
2016-10-23,10
2016-10-24,745
2016-10-25,456
2016-10-26,855
2016-10-27,689
2016-10-28,602
2016-10-29,299
2016-10-30,275
2016-10-31,134
2016-11-01,5
2016-11-02,361
2016-11-03,406
2016-11-04,582
2016-11-05,210
2016-11-06,286
2016-11-07,365
2016-11-08,366
2016-11-09,531
2016-11-10,739
2016-11-11,198
2016-11-12,340
2016-11-13,8
2016-11-14,342
2016-11-15,384
2016-11-16,562
2016-11-17,653
2016-11-18,575
2016-11-19,238
2016-11-20,295
2016-11-21,338
2016-11-22,325
2016-11-23,543
2016-11-24,560
2016-11-25,514
2016-11-26,206
2016-11-27,243
2016-11-28,344
2016-11-29,242
2016-11-30,525
2016-12-01,515
2016-12-02,553
2016-12-03,248
2016-12-04,284
2016-12-05,287
2016-12-06,272
2016-12-07,513
2016-12-08,569
2016-12-09,528
2016-12-10,267
2016-12-11,278
2016-12-12,297
2016-12-13,283
2016-12-14,532
2016-12-15,564
2016-12-16,655
2016-12-17,253
2016-12-18,387
2016-12-19,360
2016-12-20,349
2016-12-21,653
2016-12-22,699
2016-12-23,599
2016-12-24,419
2016-12-25,267
2016-12-26,110
2016-12-27,135
2016-12-28,283
2016-12-29,348
2016-12-30,414
2016-12-31,187
2017-01-01,90
2017-01-02,154
2017-01-03,266
2017-01-04,377
2017-01-05,528
2017-01-06,604
2017-01-07,372
2017-01-08,296
2017-01-09,302
2017-01-10,318
2017-01-11,590
2017-01-12,605
2017-01-13,581
2017-01-14,278
2017-01-15,328
2017-01-16,306
2017-01-17,263
2017-01-18,566
2017-01-19,669
2017-01-20,606
2017-01-21,278
2017-01-22,318
2017-01-23,305
2017-01-24,345
2017-01-25,540
2017-01-26,581
2017-01-27,391
2017-01-28,512
2017-01-29,318
2017-01-30,285
2017-01-31,331
2017-02-01,567
2017-02-02,627
2017-02-03,663
2017-02-04,297
2017-02-05,283
2017-02-06,351
2017-02-07,295
2017-02-08,587
2017-02-09,621
2017-02-10,642
2017-02-11,236
2017-02-12,352
2017-02-13,360
2017-02-14,344
2017-02-15,587
2017-02-16,639
2017-02-17,548
2017-02-18,223
2017-02-19,293
2017-02-20,299
2017-02-21,362
2017-02-22,540
2017-02-23,552
2017-02-24,570
2017-02-25,254
2017-02-26,251
2017-02-27,265
2017-02-28,394
2017-03-01,536
2017-03-02,599
2017-03-03,616
2017-03-04,273
2017-03-05,263
2017-03-06,320
2017-03-07,348
2017-03-08,570
2017-03-09,606
2017-03-10,660
2017-03-11,271
2017-03-12,288
2017-03-13,356
2017-03-14,380
2017-03-15,599
2017-03-16,607
2017-03-17,695
2017-03-18,264
2017-03-19,298
2017-03-20,367
2017-03-21,390
2017-03-22,569
2017-03-23,646
2017-03-24,632
2017-03-25,278
2017-03-27,638
2017-03-28,361
2017-03-29,581
2017-03-30,669
2017-03-31,724
2017-04-01,302
2017-04-03,742
2017-04-04,406
2017-04-05,665
2017-04-06,715
2017-04-07,785
2017-04-08,303
2017-04-09,352
2017-04-10,410
2017-04-11,413
2017-04-12,682
2017-04-13,703
2017-04-14,830
2017-04-15,263
2017-04-18,611
2017-04-19,324
2017-04-20,599
2017-04-21,554
2017-04-22,273
2017-04-23,262
2017-04-24,322
2017-04-25,338
2017-04-26,606
2017-04-27,707
2017-04-28,736
2017-04-29,271
2017-04-30,312
2017-05-01,9
2017-05-02,371
2017-05-03,359
2017-05-04,695
2017-05-05,789
2017-05-06,219
2017-05-07,323
2017-05-08,8
2017-05-09,356
2017-05-10,357
2017-05-11,810
2017-05-12,727
2017-05-13,316
2017-05-14,375
2017-05-15,399
2017-05-16,462
2017-05-17,637
2017-05-18,695
2017-05-19,789
2017-05-20,282
2017-05-21,340
2017-05-22,455
2017-05-23,508
2017-05-24,794
2017-05-25,345
2017-05-26,491
2017-05-27,18
2017-05-28,57
2017-05-29,343
2017-05-30,405
2017-05-31,625
2017-06-01,663
2017-06-02,788
2017-06-03,282
2017-06-05,339
2017-06-06,363
2017-06-07,381
2017-06-08,689
2017-06-09,709
2017-06-10,313
2017-06-11,310
2017-06-12,383
2017-06-13,473
2017-06-14,605
2017-06-15,652
2017-06-16,703
2017-06-17,294
2017-06-18,346
2017-06-19,344
2017-06-20,389
2017-06-21,645
2017-06-22,720
2017-06-23,698
2017-06-24,298
2017-06-25,313
2017-06-26,411
2017-06-27,415
2017-06-28,613
2017-06-29,663
2017-06-30,716
2017-07-01,295
2017-07-02,389
2017-07-03,407
2017-07-04,428
2017-07-05,636
2017-07-06,726
2017-07-07,737
2017-07-08,333
2017-07-09,450
2017-07-10,374
2017-07-11,400
2017-07-12,697
2017-07-13,858
2017-07-14,330
2017-07-15,448
2017-07-16,8
2017-07-17,336
2017-07-18,385
2017-07-19,700
2017-07-20,703
2017-07-21,734
2017-07-22,339
2017-07-23,380
2017-07-24,313
2017-07-25,336
2017-07-26,626
2017-07-27,687
2017-07-28,716
2017-07-29,364
2017-07-30,378
2017-07-31,88
2017-08-01,436
2017-08-02,357
2017-08-03,722
2017-08-04,630
2017-08-05,330
2017-08-06,321
2017-08-07,308
2017-08-08,249
2017-08-09,494
2017-08-10,567
2017-08-11,604
2017-08-12,250
2017-08-13,222
2017-08-14,91
2017-08-15,3
2017-08-16,271
2017-08-17,276
2017-08-18,365
2017-08-19,198
2017-08-20,203
2017-08-21,224
2017-08-22,293
2017-08-23,466
2017-08-24,563
2017-08-25,480
2017-08-26,136
2017-08-27,231
2017-08-28,249
2017-08-29,254
2017-08-30,566
2017-08-31,539
2017-09-01,532
2017-09-02,155
2017-09-03,247
2017-09-04,255
2017-09-05,259
2017-09-06,503
2017-09-07,587
2017-09-08,615
2017-09-09,250
2017-09-10,316
2017-09-11,293
2017-09-12,320
2017-09-13,532
2017-09-14,582
2017-09-15,293
2017-09-17,916
2017-09-18,287
2017-09-19,306
2017-09-20,540
2017-09-21,571
2017-09-22,580
2017-09-23,275
2017-09-24,321
2017-09-25,322
2017-09-26,369
2017-09-27,545
2017-09-28,633
2017-09-29,606
2017-09-30,257
2017-10-01,301
2017-10-02,319
2017-10-03,352
2017-10-04,625
2017-10-05,635
2017-10-06,616
2017-10-07,317
2017-10-08,360
2017-10-09,339
2017-10-10,343
2017-10-11,640
2017-10-12,624
2017-10-13,662
2017-10-14,276
2017-10-15,315
2017-10-16,383
2017-10-17,398
2017-10-18,698
2017-10-19,698
2017-10-20,746
2017-10-21,306
2017-10-22,432
2017-10-23,402
2017-10-24,405
2017-10-25,668
2017-10-26,690
2017-10-27,732
2017-10-28,314
2017-10-29,332
2017-10-30,297
2017-10-31,415
2017-11-01,191
2017-11-02,516
2017-11-03,330
2017-11-04,139
2017-11-05,219
2017-11-06,312
2017-11-07,416
2017-11-08,520
2017-11-09,634
2017-11-10,546
2017-11-11,253
2017-11-12,305
2017-11-13,368
2017-11-14,403
2017-11-15,645
2017-11-16,576
2017-11-17,639
2017-11-18,277
2017-11-19,302
2017-11-20,324
2017-11-21,331
2017-11-22,513
2017-11-23,596
2017-11-24,477
2017-11-25,254
2017-11-26,264
2017-11-27,285
2017-11-28,363
2017-11-29,499
2017-11-30,571
2017-12-01,516
2017-12-02,168
2017-12-03,288
2017-12-04,277
2017-12-05,254
2017-12-06,521
2017-12-07,479
2017-12-08,519
2017-12-09,268
2017-12-10,279
2017-12-11,281
2017-12-12,278
2017-12-13,495
2017-12-14,526
2017-12-15,601
2017-12-16,248
2017-12-17,350
2017-12-18,296
2017-12-19,340
2017-12-20,649
2017-12-21,772
2017-12-22,806
2017-12-23,534
2017-12-24,470
2017-12-25,4
2017-12-26,136
2017-12-27,162
2017-12-28,407
2017-12-29,405
2017-12-30,352
2017-12-31,139
2018-01-01,6
2018-01-02,121
2018-01-03,142
2018-01-04,301
2018-01-05,413
2018-01-06,264
2018-01-07,263
2018-01-08,229
2018-01-09,283
2018-01-10,547
2018-01-11,604
2018-01-12,622
2018-01-13,344
2018-01-14,392
2018-01-15,314
2018-01-16,330
2018-01-17,579
2018-01-18,692
2018-01-19,740
2018-01-20,312
2018-01-21,250
2018-01-22,314
2018-01-23,288
2018-01-24,555
2018-01-25,612
2018-01-26,606
2018-01-27,303
2018-01-28,327
2018-01-29,314
2018-01-30,312
2018-01-31,560
2018-02-01,627
2018-02-02,637
2018-02-03,290
2018-02-04,339
2018-02-05,286
2018-02-06,453
2018-02-07,573
2018-02-08,607
2018-02-09,626
2018-02-10,287
2018-02-11,166
2018-02-12,339
2018-02-13,476
2018-02-14,554
2018-02-15,575
2018-02-16,583
2018-02-17,280
2018-02-18,281
2018-02-19,344
2018-02-20,332
2018-02-21,629
2018-02-22,667
2018-02-23,714
2018-02-24,313
2018-02-25,227
2018-02-26,347
2018-02-27,415
2018-02-28,571
2018-03-01,556
2018-03-02,634
2018-03-03,279
2018-03-04,247
2018-03-05,308
2018-03-06,394
2018-03-07,520
2018-03-08,673
2018-03-09,520
2018-03-10,288
2018-03-11,235
2018-03-12,351
2018-03-13,446
2018-03-14,580
2018-03-15,591
2018-03-16,687
2018-03-17,303
2018-03-18,230
2018-03-19,362
2018-03-20,534
2018-03-21,572
2018-03-22,604
2018-03-23,662
2018-03-24,278
2018-03-25,271
2018-03-26,363
2018-03-27,431
2018-03-28,685
2018-03-29,644
2018-03-30,627
2018-03-31,378
2018-04-01,174
2018-04-02,7
2018-04-03,364
2018-04-04,437
2018-04-05,645
2018-04-06,670
2018-04-07,314
2018-04-08,209
2018-04-09,388
2018-04-10,400
2018-04-11,676
2018-04-12,698
2018-04-13,730
2018-04-14,300
2018-04-15,319
2018-04-16,448
2018-04-17,408
2018-04-18,774
2018-04-19,681
2018-04-20,644
2018-04-21,261
2018-04-22,324
2018-04-23,399
2018-04-24,457
2018-04-25,713
2018-04-26,749
2018-04-27,940
2018-04-28,365
2018-04-29,184
2018-04-30,263
2018-05-01,9
2018-05-02,543
2018-05-03,417
2018-05-04,840
2018-05-05,280
2018-05-06,393
2018-05-07,349
2018-05-08,33
2018-05-09,568
2018-05-10,9
2018-05-11,418
2018-05-12,52
2018-05-13,91
2018-05-14,336
2018-05-15,460
2018-05-16,614
2018-05-17,659
2018-05-18,807
2018-05-19,333
2018-05-20,279
2018-05-21,13
2018-05-22,348
2018-05-23,377
2018-05-24,715
2018-05-25,724
2018-05-26,299
2018-05-27,249
2018-05-28,413
2018-05-29,521
2018-05-30,625
2018-05-31,656
2018-06-01,744
2018-06-02,241
2018-06-03,283
2018-06-04,399
2018-06-05,510
2018-06-06,640
2018-06-07,695
2018-06-08,672
2018-06-09,256
2018-06-10,343
2018-06-11,360
2018-06-12,516
2018-06-13,628
2018-06-14,637
2018-06-15,675
2018-06-16,252
2018-06-17,332
2018-06-18,426
2018-06-19,404
2018-06-20,620
2018-06-21,757
2018-06-22,710
2018-06-23,351
2018-06-24,231
2018-06-25,385
2018-06-26,426
2018-06-27,569
2018-06-28,695
2018-06-29,662
2018-06-30,325
2018-07-01,300
2018-07-02,365
2018-07-03,423
2018-07-04,633
2018-07-05,720
2018-07-06,707
2018-07-07,324
2018-07-08,337
2018-07-09,393
2018-07-10,420
2018-07-11,661
2018-07-12,607
2018-07-13,704
2018-07-14,286
2018-07-15,395
2018-07-16,339
2018-07-17,350
2018-07-18,614
2018-07-19,834
2018-07-20,672
2018-07-21,365
2018-07-22,393
2018-07-23,361
2018-07-24,373
2018-07-25,631
2018-07-26,745
2018-07-27,671
2018-07-28,319
2018-07-29,390
2018-07-30,279
2018-07-31,207
2018-08-01,596
2018-08-02,567
2018-08-03,608
2018-08-04,324
2018-08-05,376
2018-08-06,230
2018-08-07,247
2018-08-08,572
2018-08-09,517
2018-08-10,509
2018-08-11,242
2018-08-12,170
2018-08-13,208
2018-08-14,250
2018-08-15,185
2018-08-16,394
2018-08-17,248
2018-08-18,213
2018-08-19,222
2018-08-20,225
2018-08-21,290
2018-08-22,419
2018-08-23,443
2018-08-24,458
2018-08-25,220
2018-08-26,148
2018-08-27,293
2018-08-28,322
2018-08-29,513
2018-08-30,478
2018-08-31,508
2018-09-01,265
2018-09-02,133
2018-09-03,233
2018-09-04,349
2018-09-05,506
2018-09-06,549
2018-09-07,641
2018-09-08,208
2018-09-09,211
2018-09-10,305
2018-09-11,358
2018-09-12,613
2018-09-13,528
2018-09-14,536
2018-09-15,231
2018-09-16,308
2018-09-17,299
2018-09-18,338
2018-09-19,589
2018-09-20,572
2018-09-21,552
2018-09-22,232
2018-09-23,312
2018-09-24,340
2018-09-25,387
2018-09-26,396
2018-09-27,901
2018-09-28,800
2018-09-29,349
2018-09-30,488
2018-10-01,303
2018-10-02,283
2018-10-03,527
2018-10-04,566
2018-10-05,624
2018-10-06,300
2018-10-07,352
2018-10-08,370
2018-10-09,355
2018-10-10,580
2018-10-11,637
2018-10-12,672
2018-10-13,279
2018-10-14,328
2018-10-15,351
2018-10-16,344
2018-10-17,616
2018-10-18,710
2018-10-19,750
2018-10-20,323
2018-10-21,372
2018-10-22,367
2018-10-23,365
2018-10-24,705
2018-10-25,681
2018-10-26,708
2018-10-27,295
2018-10-28,360
2018-10-29,290
2018-10-30,359
2018-10-31,708
2018-11-01,185
2018-11-02,422
2018-11-03,47
2018-11-04,55
2018-11-05,268
2018-11-06,344
2018-11-07,582
2018-11-08,498
2018-11-09,643
2018-11-10,297
2018-11-11,346
2018-11-12,325
2018-11-13,343
2018-11-14,501
2018-11-15,599
2018-11-16,665
2018-11-17,263
2018-11-18,317
2018-11-19,326
2018-11-20,343
2018-11-21,533
2018-11-22,576
2018-11-23,560
2018-11-24,235
2018-11-25,283
2018-11-26,289
2018-11-27,312
2018-11-28,517
2018-11-29,522
2018-11-30,520
2018-12-01,221
2018-12-02,1
2018-12-03,500
2018-12-04,274
2018-12-05,479
2018-12-06,552
2018-12-07,588
2018-12-08,247
2018-12-09,313
2018-12-10,307
2018-12-11,295
2018-12-12,582
2018-12-13,613
2018-12-14,586
2018-12-15,299
2018-12-16,343
2018-12-17,328
2018-12-18,394
2018-12-19,679
2018-12-20,794
2018-12-21,891
2018-12-22,402
2018-12-23,535
2018-12-24,128
2018-12-25,2
2018-12-26,219
2018-12-27,192
2018-12-28,474
2018-12-29,185
2018-12-30,197
2018-12-31,57
2019-01-01,2
2019-01-02,243
2019-01-03,239
2019-01-04,442
2019-01-05,123
2019-01-06,283
2019-01-07,308
2019-01-08,341
2019-01-09,579
2019-01-10,715
2019-01-11,632
2019-01-12,361
2019-01-13,346
2019-01-14,322
2019-01-15,313
2019-01-16,631
2019-01-17,712
2019-01-18,669
2019-01-19,357
2019-01-20,310
2019-01-21,337
2019-01-22,376
2019-01-23,653
2019-01-24,683
2019-01-25,646
2019-01-26,285
2019-01-27,337
2019-01-28,288
2019-01-29,353
2019-01-30,556
2019-01-31,641
2019-02-01,628
2019-02-02,298
2019-02-03,338
2019-02-04,374
2019-02-05,353
2019-02-06,593
2019-02-07,671
2019-02-08,657
2019-02-09,301
2019-02-10,364
2019-02-11,375
2019-02-12,361
2019-02-13,629
2019-02-14,699
2019-02-15,717
2019-02-16,350
2019-02-17,322
2019-02-18,329
2019-02-19,378
2019-02-20,563
2019-02-21,695
2019-02-22,631
2019-02-23,312
2019-02-24,361
2019-02-25,340
2019-02-26,360
2019-02-27,599
2019-02-28,662
2019-03-01,620
2019-03-02,348
2019-03-03,370
2019-03-04,317
2019-03-05,337
2019-03-06,590
2019-03-07,656
2019-03-08,661
2019-03-09,301
2019-03-10,313
2019-03-11,120
2019-03-12,419
2019-03-13,580
2019-03-14,711
2019-03-15,841
2019-03-16,310
2019-03-17,338
2019-03-18,383
2019-03-19,423
2019-03-20,654
2019-03-21,734
2019-03-22,757
2019-03-23,279
2019-03-24,349
2019-03-25,451
2019-03-26,498
2019-03-27,823
2019-03-28,1031
2019-03-29,1098
2019-03-30,839
2019-03-31,511
2019-04-01,484
2019-04-02,267
2019-04-03,457
2019-04-04,533
2019-04-05,553
2019-04-06,222
2019-04-07,304
2019-04-08,339
2019-04-09,308
2019-04-10,596
2019-04-11,664
2019-04-12,685
2019-04-13,174
2019-04-14,375
2019-04-15,374
2019-04-16,377
2019-04-17,635
2019-04-18,677
2019-04-19,681
2019-04-20,177
2019-04-21,330
2019-04-22,12
2019-04-23,344
2019-04-24,422
2019-04-25,604
2019-04-26,734
2019-04-27,296
2019-04-28,340
2019-04-29,403
2019-04-30,516
2019-05-01,189
2019-05-02,777
2019-05-03,560
2019-05-04,146
2019-05-05,330
2019-05-06,358
2019-05-07,519
2019-05-08,278
2019-05-09,615
2019-05-10,424
2019-05-11,283
2019-05-12,322
2019-05-13,355
2019-05-14,381
2019-05-15,615
2019-05-16,664
2019-05-17,714
2019-05-18,312
2019-05-19,347
2019-05-20,382
2019-05-21,436
2019-05-22,672
2019-05-23,655
2019-05-24,756
2019-05-25,271
2019-05-26,333
2019-05-27,378
2019-05-28,450
2019-05-29,794
2019-05-30,327
2019-05-31,482
2019-06-01,6
2019-06-02,81
2019-06-03,345
2019-06-04,513
2019-06-05,643
2019-06-06,589
2019-06-07,765
2019-06-08,271
2019-06-09,301
2019-06-10,14
2019-06-11,383
2019-06-12,435
2019-06-13,734
2019-06-14,706
2019-06-15,186
2019-06-16,375
2019-06-17,364
2019-06-18,400
2019-06-19,637
2019-06-20,734
2019-06-21,724
2019-06-22,257
2019-06-23,363
2019-06-24,343
2019-06-25,399
2019-06-26,636
2019-06-27,546
2019-06-28,571
2019-06-29,383
2019-06-30,343
2019-07-01,467
2019-07-02,429
2019-07-03,782
2019-07-04,757
2019-07-05,731
2019-07-06,325
2019-07-07,406
2019-07-08,397
2019-07-09,395
2019-07-10,708
2019-07-11,766
2019-07-12,793
2019-07-13,342
2019-07-14,465
2019-07-15,308
2019-07-16,394
2019-07-17,648
2019-07-18,745
2019-07-19,675
2019-07-20,361
2019-07-21,405
2019-07-22,350
2019-07-23,368
2019-07-24,617
2019-07-25,660
2019-07-26,701
2019-07-27,334
2019-07-28,407
2019-07-29,305
2019-07-30,297
2019-07-31,579
2019-08-01,615
2019-08-02,624
2019-08-03,328
2019-08-04,332
2019-08-05,229
2019-08-06,259
2019-08-07,486
2019-08-08,532
2019-08-09,589
2019-08-10,242
2019-08-11,268
2019-08-12,231
2019-08-13,244
2019-08-14,589
2019-08-15,157
2019-08-16,297
2019-08-17,8
2019-08-18,85
2019-08-19,198
2019-08-20,278
2019-08-21,356
2019-08-22,407
2019-08-23,482
2019-08-24,188
2019-08-25,227
2019-08-26,287
2019-08-27,303
2019-08-28,437
2019-08-29,435
2019-08-30,496
2019-08-31,212
2019-09-01,255
2019-09-02,268
2019-09-03,286
2019-09-04,547
2019-09-05,501
2019-09-06,475
2019-09-07,255
2019-09-08,276
2019-09-09,296
2019-09-10,347
2019-09-11,554
2019-09-12,522
2019-09-13,591
2019-09-14,218
2019-09-15,299
2019-09-16,316
2019-09-17,354
2019-09-18,569
2019-09-19,578
2019-09-20,634
2019-09-21,182
2019-09-22,315
2019-09-23,320
2019-09-24,366
2019-09-25,509
2019-09-26,554
2019-09-27,644
2019-09-28,276
2019-09-29,319
2019-09-30,313
2019-10-01,343
2019-10-02,574
2019-10-03,579
2019-10-04,579
2019-10-05,303
2019-10-06,319
2019-10-07,372
2019-10-08,344
2019-10-09,588
2019-10-10,644
2019-10-11,686
2019-10-12,294
2019-10-13,340
2019-10-14,354
2019-10-15,360
2019-10-16,605
2019-10-17,693
2019-10-18,793
2019-10-19,332
2019-10-20,407
2019-10-21,329
2019-10-22,392
2019-10-23,603
2019-10-24,655
2019-10-25,669
2019-10-26,318
2019-10-27,391
2019-10-28,326
2019-10-29,309
2019-10-30,505
2019-10-31,651
2019-11-01,209
2019-11-02,279
2019-11-03,5
2019-11-04,160
2019-11-05,341
2019-11-06,399
2019-11-07,625
2019-11-08,674
2019-11-09,294
2019-11-10,322
2019-11-11,4
2019-11-12,323
2019-11-13,278
2019-11-14,623
2019-11-15,643
2019-11-16,262
2019-11-17,200
2019-11-18,324
2019-11-19,353
2019-11-20,709
2019-11-21,607
2019-11-22,562
2019-11-23,254
2019-11-24,260
2019-11-25,319
2019-11-26,300
2019-11-27,496
2019-11-28,570
2019-11-29,516
2019-11-30,261
2019-12-01,300
2019-12-02,297
2019-12-03,266
2019-12-04,558
2019-12-05,530
2019-12-06,508
2019-12-07,255
2019-12-08,342
2019-12-09,252
2019-12-10,291
2019-12-11,553
2019-12-12,548
2019-12-13,607
2019-12-14,333
2019-12-15,323
2019-12-16,290
2019-12-17,312
2019-12-18,683
2019-12-19,716
2019-12-20,814
2019-12-21,408
2019-12-22,520
2019-12-23,286
2019-12-24,194
2019-12-25,297
2019-12-26,340
2019-12-27,178
2019-12-28,181
2019-12-29,198
2019-12-30,128
2019-12-31,165
2020-01-01,142
2020-01-02,265
2020-01-03,222
2020-01-04,120
2020-01-05,199
2020-01-06,266
2020-01-07,361
2020-01-08,586
2020-01-09,536
2020-01-10,641
2020-01-11,294
2020-01-12,358
2020-01-13,317
2020-01-14,388
2020-01-15,582
2020-01-16,569
2020-01-17,375
2020-01-18,2
2020-01-19,56
2020-01-20,276
2020-01-21,294
2020-01-22,1389
2020-01-23,625
2020-01-24,604
2020-01-25,253
2020-01-26,343
2020-01-27,272
2020-01-28,302
2020-01-29,540
2020-01-30,582
2020-01-31,571
2020-02-01,219
2020-02-02,349
2020-02-03,294
2020-02-04,329
2020-02-05,590
2020-02-06,492
2020-02-07,698
2020-02-08,175
2020-02-09,326
2020-02-10,298
2020-02-11,351
2020-02-12,582
2020-02-13,612
2020-02-14,571
2020-02-15,250
2020-02-16,315
2020-02-17,287
2020-02-18,292
2020-02-19,557
2020-02-20,532
2020-02-21,639
2020-02-22,181
2020-02-23,272
2020-02-24,265
2020-02-25,307
2020-02-26,473
2020-02-27,495
2020-02-28,506
2020-02-29,147
2020-03-01,261
2020-03-02,243
2020-03-03,290
2020-03-04,474
2020-03-05,486
2020-03-06,589
2020-03-07,221
2020-03-08,271
2020-03-09,272
2020-03-10,352
2020-03-11,537
2020-03-12,630
2020-03-13,596
2020-03-14,334
2020-03-15,360
2020-03-16,428
2020-03-17,551
2020-03-18,881
2020-03-19,798
2020-03-20,644
2020-03-21,321
2020-03-22,299
2020-03-23,253
2020-03-24,196
2020-03-25,429
2020-03-26,449
2020-03-27,430
2020-03-28,193
2020-03-29,249
2020-03-30,226
2020-03-31,251
2020-04-01,450
2020-04-02,399
2020-04-03,445
2020-04-04,217
2020-04-05,241
2020-04-06,248
2020-04-07,249
2020-04-08,477
2020-04-09,467
2020-04-10,471
2020-04-11,151
2020-04-12,242
2020-04-13,17
2020-04-14,248
2020-04-15,299
2020-04-16,443
2020-04-17,506
2020-04-18,257
2020-04-19,270
2020-04-20,265
2020-04-21,159
2020-04-22,615
2020-04-23,439
2020-04-24,545
2020-04-25,215
2020-04-26,241
2020-04-27,244
2020-04-28,256
2020-04-29,443
2020-04-30,516
2020-05-01,178
2020-05-02,269
2020-05-03,20
2020-05-04,283
2020-05-05,248
2020-05-06,455
2020-05-07,500
2020-05-08,225
2020-05-09,253
2020-05-10,11
2020-05-11,274
2020-05-12,344
2020-05-13,456
2020-05-14,556
2020-05-15,554
2020-05-16,249
2020-05-17,247
2020-05-18,351
2020-05-19,310
2020-05-20,605
2020-05-21,266
2020-05-22,361
2020-05-23,14
2020-05-24,102
2020-05-25,279
2020-05-26,259
2020-05-27,514
2020-05-28,541
2020-05-29,479
2020-05-30,195
2020-05-31,269
2020-06-01,18
2020-06-02,263
2020-06-03,255
2020-06-04,493
2020-06-05,577
2020-06-06,235
2020-06-07,308
2020-06-08,312
2020-06-09,306
2020-06-10,587
2020-06-11,497
2020-06-12,593
2020-06-13,210
2020-06-14,249
2020-06-15,273
2020-06-16,355
2020-06-17,518
2020-06-18,520
2020-06-19,564
2020-06-20,262
2020-06-21,296
2020-06-22,260
2020-06-23,296
2020-06-24,546
2020-06-25,575
2020-06-26,531
2020-06-27,224
2020-06-28,309
2020-06-29,294
2020-06-30,358
2020-07-01,568
2020-07-02,559
2020-07-03,584
2020-07-04,292
2020-07-05,318
2020-07-06,298
2020-07-07,332
2020-07-08,508
2020-07-09,621
2020-07-10,685
2020-07-11,299
2020-07-12,399
2020-07-13,130
2020-07-14,6
2020-07-15,354
2020-07-16,306
2020-07-17,536
2020-07-18,271
2020-07-19,356
2020-07-20,275
2020-07-21,247
2020-07-22,508
2020-07-23,609
2020-07-24,610
2020-07-25,281
2020-07-26,355
2020-07-27,252
2020-07-28,238
2020-07-29,492
2020-07-30,517
2020-07-31,556
2020-08-01,295
2020-08-02,313
2020-08-03,222
2020-08-04,219
2020-08-05,393
2020-08-06,476
2020-08-07,444
2020-08-08,275
2020-08-09,256
2020-08-10,162
2020-08-11,176
2020-08-12,370
2020-08-13,345
2020-08-14,387
2020-08-15,202
2020-08-16,209
2020-08-17,164
2020-08-18,180
2020-08-19,330
2020-08-20,353
2020-08-21,309
2020-08-22,187
2020-08-23,186
2020-08-24,194
2020-08-25,194
2020-08-26,394
2020-08-27,408
2020-08-28,385
2020-08-29,215
2020-08-30,216
2020-08-31,180
2020-09-01,235
2020-09-02,383
2020-09-03,454
2020-09-04,531
2020-09-05,216
2020-09-06,263
2020-09-07,231
2020-09-08,218
2020-09-09,440
2020-09-10,464
2020-09-11,421
2020-09-12,240
2020-09-13,316
2020-09-14,245
2020-09-15,276
2020-09-16,491
2020-09-17,542
2020-09-18,474
2020-09-19,233
2020-09-20,300
2020-09-21,256
2020-09-22,286
2020-09-23,473
2020-09-24,521
2020-09-25,534
2020-09-26,284
2020-09-27,295
2020-09-28,256
2020-09-29,264
2020-09-30,543
2020-10-01,559
2020-10-02,516
2020-10-03,272
2020-10-04,321
2020-10-05,300
2020-10-06,295
2020-10-07,589
2020-10-08,575
2020-10-09,566
2020-10-10,314
2020-10-11,325
2020-10-12,320
2020-10-13,315
2020-10-14,585
2020-10-15,625
2020-10-16,702
2020-10-17,316
2020-10-18,423
2020-10-19,299
2020-10-20,305
2020-10-21,535
2020-10-22,581
2020-10-23,617
2020-10-24,325
2020-10-25,341
2020-10-26,274
2020-10-27,231
2020-10-28,461
2020-10-29,503
2020-10-30,423
2020-10-31,237
2020-11-01,205
2020-11-02,231
2020-11-03,277
2020-11-04,490
2020-11-05,539
2020-11-06,592
2020-11-07,282
2020-11-08,304
2020-11-09,306
2020-11-10,237
2020-11-11,251
2020-11-12,548
2020-11-13,287
2020-11-14,316
2020-11-15,266
2020-11-16,274
2020-11-17,326
2020-11-18,505
2020-11-19,640
2020-11-20,569
2020-11-21,282
2020-11-22,260
2020-11-23,264
2020-11-24,282
2020-11-25,530
2020-11-26,480
2020-11-27,504
2020-11-28,259
2020-11-29,290
2020-11-30,235
2020-12-01,258
2020-12-02,451
2020-12-03,551
2020-12-04,507
2020-12-05,268
2020-12-06,287
2020-12-07,237
2020-12-08,242
2020-12-09,497
2020-12-10,592
2020-12-11,539
2020-12-12,298
2020-12-13,316
2020-12-14,281
2020-12-15,300
2020-12-16,593
2020-12-17,674
2020-12-18,719
2020-12-19,441
2020-12-20,482
2020-12-21,299
2020-12-22,294
2020-12-23,576
2020-12-24,466
2020-12-25,302
2020-12-26,197
2020-12-27,1
2020-12-28,107
2020-12-29,139
2020-12-30,328
2020-12-31,295
2021-01-01,199
2021-01-02,140
2021-01-03,2
2021-01-04,221
2021-01-05,234
2021-01-06,189
2021-01-07,681
2021-01-08,659
2021-01-09,364
2021-01-10,340
2021-01-11,269
2021-01-12,241
2021-01-13,611
2021-01-14,667
2021-01-15,626
2021-01-16,323
2021-01-17,346
2021-01-18,247
2021-01-19,295
2021-01-20,541
2021-01-21,609
2021-01-22,620
2021-01-23,289
2021-01-24,305
2021-01-25,268
2021-01-26,287
2021-01-27,508
2021-01-28,581
2021-01-29,562
2021-01-30,305
2021-01-31,347
2021-02-01,277
2021-02-02,271
2021-02-03,547
2021-02-04,604
2021-02-05,619
2021-02-06,300
2021-02-07,330
2021-02-08,297
2021-02-09,315
2021-02-10,543
2021-02-11,653
2021-02-12,616
2021-02-13,268
2021-02-14,358
2021-02-15,301
2021-02-16,271
2021-02-17,498
2021-02-18,599
2021-02-19,582
2021-02-20,290
2021-02-21,319
2021-02-22,251
2021-02-23,284
2021-02-24,539
2021-02-25,518
2021-02-26,537
2021-02-27,286
2021-02-28,321
2021-03-01,294
2021-03-02,270
2021-03-03,503
2021-03-04,549
2021-03-05,528
2021-03-06,259
2021-03-07,275
2021-03-08,273
2021-03-09,293
2021-03-10,469
2021-03-11,631
2021-03-12,538
2021-03-13,315
2021-03-14,363
2021-03-15,400
2021-03-16,364
2021-03-17,627
2021-03-18,648
2021-03-19,628
2021-03-20,299
2021-03-21,349
2021-03-22,315
2021-03-23,341
2021-03-24,504
2021-03-25,636
2021-03-26,593
2021-03-27,338
2021-03-28,349
2021-03-29,388
2021-03-30,382
2021-03-31,725
2021-04-01,619
2021-04-02,656
2021-04-03,288
2021-04-04,346
2021-04-05,8
2021-04-06,291
2021-04-07,271
2021-04-08,632
2021-04-09,668
2021-04-10,315
2021-04-11,326
2021-04-12,319
2021-04-13,300
2021-04-14,616
2021-04-15,615
2021-04-16,666
2021-04-17,289
2021-04-18,372
2021-04-19,301
2021-04-20,339
2021-04-21,568
2021-04-22,565
2021-04-23,536
2021-04-24,291
2021-04-25,319
2021-04-26,290
2021-04-27,315
2021-04-28,559
2021-04-29,629
2021-04-30,649
2021-05-01,313
2021-05-02,366
2021-05-03,371
2021-05-04,319
2021-05-05,567
2021-05-06,658
2021-05-07,688
2021-05-08,328
2021-05-09,350
2021-05-10,321
2021-05-11,330
2021-05-12,695
2021-05-13,315
2021-05-14,448
2021-05-15,14
2021-05-16,95
2021-05-17,307
2021-05-18,317
2021-05-19,538
2021-05-20,663
2021-05-21,623
2021-05-22,314
2021-05-23,371
2021-05-24,14
2021-05-25,305
2021-05-26,314
2021-05-27,604
2021-05-28,601
2021-05-29,285
2021-05-30,275
2021-05-31,316
2021-06-01,355
2021-06-02,576
2021-06-03,640
2021-06-04,649
2021-06-05,249
2021-06-06,353
2021-06-07,302
2021-06-08,365
2021-06-09,574
2021-06-10,606
2021-06-11,647
2021-06-12,321
2021-06-13,298
2021-06-14,335
2021-06-15,344
2021-06-16,573
2021-06-17,615
2021-06-18,639
2021-06-19,301
2021-06-20,362
2021-06-21,299
2021-06-22,270
2021-06-23,531
2021-06-24,612
2021-06-25,615
2021-06-26,289
2021-06-27,383
2021-06-28,318
2021-06-29,277
2021-06-30,600
2021-07-01,618
2021-07-02,650
2021-07-03,319
2021-07-04,397
2021-07-05,302
2021-07-06,334
2021-07-07,626
2021-07-08,742
2021-07-09,717
2021-07-10,366
2021-07-11,461
2021-07-12,330
2021-07-13,356
2021-07-14,374
2021-07-15,685
2021-07-16,324
2021-07-17,355
2021-07-18,377
2021-07-19,283
2021-07-20,290
2021-07-21,578
2021-07-22,615
2021-07-23,610
2021-07-24,350
2021-07-25,356
2021-07-26,270
2021-07-27,259
2021-07-28,514
2021-07-29,565
2021-07-30,589
2021-07-31,340
2021-08-01,393
2021-08-02,220
2021-08-03,214
2021-08-04,446
2021-08-05,518
2021-08-06,507
2021-08-07,263
2021-08-08,246
2021-08-09,189
2021-08-10,183
2021-08-11,327
2021-08-12,387
2021-08-13,396
2021-08-14,202
2021-08-15,214
2021-08-16,158
2021-08-17,197
2021-08-18,286
2021-08-19,360
2021-08-20,377
2021-08-21,207
2021-08-22,196
2021-08-23,200
2021-08-24,201
2021-08-25,417
2021-08-26,432
2021-08-27,417
2021-08-28,213
2021-08-29,223
2021-08-30,212
2021-08-31,258
2021-09-01,435
2021-09-02,488
2021-09-03,462
2021-09-04,228
2021-09-05,283
2021-09-06,222
2021-09-07,247
2021-09-08,484
2021-09-09,536
2021-09-10,556
2021-09-11,284
2021-09-12,340
2021-09-13,247
2021-09-14,253
2021-09-15,504
2021-09-16,518
2021-09-17,558
2021-09-18,260
2021-09-19,314
2021-09-20,288
2021-09-21,286
2021-09-22,530
2021-09-23,567
2021-09-24,560
2021-09-25,288
2021-09-26,351
2021-09-27,305
2021-09-28,317
2021-09-29,612
2021-09-30,729
2021-10-01,663
2021-10-02,402
2021-10-03,335
2021-10-04,257
2021-10-05,261
2021-10-06,490
2021-10-07,566
2021-10-08,578
2021-10-09,293
2021-10-10,366
2021-10-11,297
2021-10-12,292
2021-10-13,524
2021-10-14,583
2021-10-15,602
2021-10-16,286
2021-10-17,349
2021-10-18,305
2021-10-19,315
2021-10-20,528
2021-10-21,642
2021-10-22,661
2021-10-23,329
2021-10-24,390
2021-10-25,320
2021-10-26,305
2021-10-27,510
2021-10-28,576
2021-10-29,661
2021-10-30,302
2021-10-31,336
2021-11-01,9
2021-11-02,213
2021-11-03,217
2021-11-04,467
2021-11-05,473
2021-11-06,320
2021-11-07,251
2021-11-08,261
2021-11-09,292
2021-11-10,588
2021-11-11,286
2021-11-12,474
2021-11-13,5
2021-11-14,150
2021-11-15,264
2021-11-16,254
2021-11-17,568
2021-11-18,578
2021-11-19,571
2021-11-20,265
2021-11-21,309
2021-11-22,273
2021-11-23,284
2021-11-24,525
2021-11-25,480
2021-11-26,480
2021-11-27,259
2021-11-28,281
2021-11-29,234
2021-11-30,250
2021-12-01,479
2021-12-02,503
2021-12-03,473
2021-12-04,260
2021-12-05,302
2021-12-06,260
2021-12-07,233
2021-12-08,495
2021-12-09,439
2021-12-10,576
2021-12-11,255
2021-12-12,339
2021-12-13,258
2021-12-14,249
2021-12-15,603
2021-12-16,631
2021-12-17,665
2021-12-18,393
2021-12-19,412
2021-12-20,300
2021-12-21,303
2021-12-22,570
2021-12-23,643
2021-12-24,433
2021-12-25,349
2021-12-26,189
2021-12-27,103
2021-12-28,125
2021-12-29,292
2021-12-30,309
2021-12-31,255
2022-01-01,172
2022-01-02,123
2022-01-03,138
2022-01-04,182
2022-01-05,438
2022-01-06,593
2022-01-07,593
2022-01-08,374
2022-01-09,377
2022-01-10,195
2022-01-11,254
2022-01-12,530
2022-01-13,646
2022-01-14,635
2022-01-15,358
2022-01-16,391
2022-01-17,296
2022-01-18,299
2022-01-19,574
2022-01-20,560
2022-01-21,531
2022-01-22,313
2022-01-23,332
2022-01-24,261
2022-01-25,284
2022-01-26,512
2022-01-27,565
2022-01-28,511
2022-01-29,299
2022-01-30,318
2022-01-31,283
2022-02-01,322
2022-02-02,525
2022-02-03,609
2022-02-04,586
2022-02-05,349
2022-02-06,292
2022-02-07,313
2022-02-08,249
2022-02-09,594
2022-02-10,551
2022-02-11,616
2022-02-12,341
2022-02-13,301
2022-02-14,289
2022-02-15,234
2022-02-16,582
2022-02-17,590
2022-02-18,457
2022-02-19,376
2022-02-20,228
2022-02-21,303
2022-02-22,284
2022-02-23,571
2022-02-24,605
2022-02-25,499
2022-02-26,306
2022-02-27,304
2022-02-28,293
2022-03-01,272
2022-03-02,529
2022-03-03,558
2022-03-04,423
2022-03-05,475
2022-03-06,112
2022-03-07,232
2022-03-08,257
2022-03-09,696
2022-03-10,515
2022-03-11,669
2022-03-12,243
2022-03-13,441
2022-03-14,313
2022-03-15,333
2022-03-16,612
2022-03-17,649
2022-03-18,572
2022-03-19,292
2022-03-20,323
2022-03-21,310
2022-03-22,315
2022-03-23,583
2022-03-24,609
2022-03-25,576
2022-03-26,251
2022-03-27,341
2022-03-28,287
2022-03-29,351
2022-03-30,586
2022-03-31,616
2022-04-01,636
2022-04-02,332
2022-04-03,357
2022-04-04,299
2022-04-05,337
2022-04-06,575
2022-04-07,621
2022-04-08,681
2022-04-09,318
2022-04-10,410
2022-04-11,336
2022-04-12,301
2022-04-13,578
2022-04-14,687
2022-04-15,687
2022-04-16,349
2022-04-17,385
2022-04-18,17
2022-04-19,272
2022-04-20,277
2022-04-21,569
2022-04-22,545
2022-04-23,319
2022-04-24,318
2022-04-25,248
2022-04-26,318
2022-04-27,543
2022-04-28,643
2022-04-29,666
2022-04-30,341
2022-05-01,377
2022-05-02,249
2022-05-03,300
2022-05-04,572
2022-05-05,680
2022-05-06,636
2022-05-07,338
2022-05-08,356
2022-05-09,330
2022-05-10,323
2022-05-11,599
2022-05-12,633
2022-05-13,686
2022-05-14,370
2022-05-15,357
2022-05-16,344
2022-05-17,373
2022-05-18,617
2022-05-19,675
2022-05-20,661
2022-05-21,317
2022-05-22,374
2022-05-23,318
2022-05-24,349
2022-05-25,697
2022-05-26,372
2022-05-27,459
2022-05-28,11
2022-05-29,90
2022-05-30,305
2022-05-31,330
2022-06-01,563
2022-06-02,639
2022-06-03,650
2022-06-04,320
2022-06-05,416
2022-06-06,22
2022-06-07,290
2022-06-08,301
2022-06-09,632
2022-06-10,612
2022-06-11,316
2022-06-12,343
2022-06-13,288
2022-06-14,313
2022-06-15,573
2022-06-16,641
2022-06-17,643
2022-06-18,331
2022-06-19,355
2022-06-20,291
2022-06-21,303
2022-06-22,573
2022-06-23,609
2022-06-24,639
2022-06-25,300
2022-06-26,401
2022-06-27,286
2022-06-28,304
2022-06-29,573
2022-06-30,624
2022-07-01,642
2022-07-02,326
2022-07-03,406
2022-07-04,297
2022-07-05,347
2022-07-06,612
2022-07-07,696
2022-07-08,697
2022-07-09,416
2022-07-10,477
2022-07-11,341
2022-07-12,348
2022-07-13,750
2022-07-14,387
2022-07-15,609
2022-07-16,15
2022-07-17,152
2022-07-18,292
2022-07-19,281
2022-07-20,597
2022-07-21,647
2022-07-22,657
2022-07-23,345
2022-07-24,441
2022-07-25,278
2022-07-26,277
2022-07-27,581
2022-07-28,646
2022-07-29,617
2022-07-30,377
2022-07-31,382
2022-08-01,180
2022-08-02,237
2022-08-03,509
2022-08-04,510
2022-08-05,535
2022-08-06,302
2022-08-07,327
2022-08-08,150
2022-08-09,168
2022-08-10,390
2022-08-11,416
2022-08-12,441
2022-08-13,257
2022-08-14,216
2022-08-15,3
2022-08-16,142
2022-08-17,143
2022-08-18,389
2022-08-19,376
2022-08-20,242
2022-08-21,238
2022-08-22,197
2022-08-23,203
2022-08-24,436
2022-08-25,437
2022-08-26,405
2022-08-27,248
2022-08-28,253
2022-08-29,213
2022-08-30,212
2022-08-31,420
2022-09-01,503
2022-09-02,489
2022-09-03,304
2022-09-04,292
2022-09-05,257
2022-09-06,263
2022-09-07,459
2022-09-08,515
2022-09-09,498
2022-09-10,280
2022-09-11,324
2022-09-12,254
2022-09-13,260
2022-09-14,516
2022-09-15,531
2022-09-16,546
2022-09-17,313
2022-09-18,313
2022-09-19,247
2022-09-20,278
2022-09-21,541
2022-09-22,523
2022-09-23,564
2022-09-24,267
2022-09-25,294
2022-09-26,250
2022-09-27,258
2022-09-28,562
2022-09-29,594
2022-09-30,559
2022-10-01,326
2022-10-02,357
2022-10-03,277
2022-10-04,276
2022-10-05,550
2022-10-06,585
2022-10-07,599
2022-10-08,362
2022-10-09,346
2022-10-10,296
2022-10-11,325
2022-10-12,586
2022-10-13,631
2022-10-14,673
2022-10-15,368
2022-10-16,363
2022-10-17,287
2022-10-18,291
2022-10-19,589
2022-10-20,588
2022-10-21,678
2022-10-22,362
2022-10-23,437
2022-10-24,336
2022-10-25,339
2022-10-26,596
2022-10-27,642
2022-10-28,653
2022-10-29,326
2022-10-30,400
2022-10-31,125
2022-11-01,12
2022-11-02,327
2022-11-03,228
2022-11-04,470
2022-11-05,271
2022-11-06,284
2022-11-07,234
2022-11-08,283
2022-11-09,530
2022-11-10,625
2022-11-11,281
2022-11-12,388
2022-11-13,4
2022-11-14,225
2022-11-15,270
2022-11-16,558
2022-11-17,530
2022-11-18,484
2022-11-19,275
2022-11-20,268
2022-11-21,267
2022-11-22,286
2022-11-23,556
2022-11-24,562
2022-11-25,506
2022-11-26,246
2022-11-27,297
2022-11-28,207
2022-11-29,215
2022-11-30,484
2022-12-01,483
2022-12-02,510
2022-12-03,280
2022-12-04,311
2022-12-05,227
2022-12-06,251
2022-12-07,499
2022-12-08,535
2022-12-09,567
2022-12-10,285
2022-12-11,325
2022-12-12,256
2022-12-13,250
2022-12-14,557
2022-12-15,575
2022-12-16,606
2022-12-17,390
2022-12-18,459
2022-12-19,236
2022-12-20,264
2022-12-21,618
2022-12-22,661
2022-12-23,572
2022-12-24,385
2022-12-25,295
2022-12-26,85
2022-12-27,121
2022-12-28,241
2022-12-29,277
2022-12-30,211
2022-12-31,166
2023-01-01,123
2023-01-02,135
2023-01-03,229
2023-01-04,366
2023-01-05,569
2023-01-06,549
2023-01-07,354
2023-01-08,449
2023-01-09,245
2023-01-10,219
2023-01-11,579
2023-01-12,594
2023-01-13,568
2023-01-14,343
2023-01-15,377
2023-01-16,260
2023-01-17,267
2023-01-18,604
2023-01-19,620
2023-01-20,569
2023-01-21,284
2023-01-22,346
2023-01-23,269
2023-01-24,279
2023-01-25,529
2023-01-26,540
2023-01-27,553
2023-01-28,302
2023-01-29,366
2023-01-30,267
2023-01-31,282
2023-02-01,527
2023-02-02,579
2023-02-03,582
2023-02-04,307
2023-02-05,339
2023-02-06,275
2023-02-07,286
2023-02-08,577
2023-02-09,559
2023-02-10,584
2023-02-11,343
2023-02-12,344
2023-02-13,265
2023-02-14,253
2023-02-15,531
2023-02-16,561
2023-02-17,602
2023-02-18,272
2023-02-19,353
2023-02-20,217
2023-02-21,259
2023-02-22,542
2023-02-23,519
2023-02-24,524
2023-02-25,278
2023-02-26,286
2023-02-27,239
2023-02-28,295
2023-03-01,521
2023-03-02,545
2023-03-03,565
2023-03-04,277
2023-03-05,378
2023-03-06,283
2023-03-07,275
2023-03-08,549
2023-03-09,586
2023-03-10,621
2023-03-11,287
2023-03-12,371
2023-03-13,267
2023-03-14,310
2023-03-15,599
2023-03-16,609
2023-03-17,572
2023-03-18,335
2023-03-19,333
2023-03-20,325
2023-03-21,309
2023-03-22,604
2023-03-23,601
2023-03-24,618
2023-03-25,270
2023-03-26,372
2023-03-27,295
2023-03-28,282
2023-03-29,568
2023-03-30,644
2023-03-31,606
2023-04-01,330
2023-04-02,394
2023-04-03,325
2023-04-04,328
2023-04-05,640
2023-04-06,699
2023-04-07,653
2023-04-08,388
2023-04-09,426
2023-04-10,11
2023-04-11,303
2023-04-12,310
2023-04-13,680
2023-04-14,788
2023-04-15,354
2023-04-16,448
2023-04-17,297
2023-04-18,312
2023-04-19,650
2023-04-20,721
2023-04-21,697
2023-04-22,348
2023-04-23,378
2023-04-24,326
2023-04-25,309
2023-04-26,574
2023-04-27,662
2023-04-28,654
2023-04-29,349
2023-04-30,382
2023-05-01,4
2023-05-02,270
2023-05-03,266
2023-05-04,632
2023-05-05,629
2023-05-06,330
2023-05-07,397
2023-05-08,19
2023-05-09,291
2023-05-10,262
2023-05-11,641
2023-05-12,733
2023-05-13,358
2023-05-14,440
2023-05-15,340
2023-05-16,367
2023-05-17,738
2023-05-18,362
2023-05-19,521
2023-05-20,8
2023-05-21,100
2023-05-22,306
2023-05-23,313
2023-05-24,600
2023-05-25,676
2023-05-26,672
2023-05-27,297
2023-05-28,365
2023-05-29,19
2023-05-30,266
2023-05-31,268
2023-06-01,574
2023-06-02,638
2023-06-03,344
2023-06-04,388
2023-06-05,341
2023-06-06,327
2023-06-07,661
2023-06-08,657
2023-06-09,604
2023-06-10,350
2023-06-11,370
2023-06-12,288
2023-06-13,318
2023-06-14,606
2023-06-15,655
2023-06-16,607
2023-06-17,318
2023-06-18,405
2023-06-19,309
2023-06-20,330
2023-06-21,547
2023-06-22,658
2023-06-23,606
2023-06-24,347
2023-06-25,356
2023-06-26,293
2023-06-27,278
2023-06-28,597
2023-06-29,646
2023-06-30,649
2023-07-01,337
2023-07-02,454
2023-07-03,333
2023-07-04,351
2023-07-05,610
2023-07-06,700
2023-07-07,732
2023-07-08,412
2023-07-09,486
2023-07-10,318
2023-07-11,319
2023-07-12,708
2023-07-13,776
2023-07-14,377
2023-07-15,511
2023-07-16,7
2023-07-17,288
2023-07-18,304
2023-07-19,644
2023-07-20,725
2023-07-21,670
2023-07-22,412
2023-07-23,470
2023-07-24,274
2023-07-25,279
2023-07-26,605
2023-07-27,677
2023-07-28,583
2023-07-29,364
2023-07-30,385
2023-07-31,228
2023-08-01,226
2023-08-02,504
2023-08-03,568
2023-08-04,505
2023-08-05,324
2023-08-06,338
2023-08-07,178
2023-08-08,181
2023-08-09,405
2023-08-10,469
2023-08-11,437
2023-08-12,243
2023-08-13,254
2023-08-14,78
2023-08-15,3
2023-08-16,233
2023-08-17,146
2023-08-18,363
2023-08-19,258
2023-08-20,217
2023-08-21,235
2023-08-22,213
2023-08-23,440
2023-08-24,461
2023-08-25,422
2023-08-26,238
2023-08-27,247
2023-08-28,217
2023-08-29,223
2023-08-30,443
2023-08-31,480
2023-09-01,477
2023-09-02,255
2023-09-03,304
2023-09-04,224
2023-09-05,236
2023-09-06,482
2023-09-07,537
2023-09-08,556
2023-09-09,282
2023-09-10,305
2023-09-11,293
2023-09-12,262
2023-09-13,518
2023-09-14,541
2023-09-15,526
2023-09-16,275
2023-09-17,342
2023-09-18,255
2023-09-19,313
2023-09-20,507
2023-09-21,616
2023-09-22,613
2023-09-23,313
2023-09-24,354
2023-09-25,275
2023-09-26,277
2023-09-27,572
2023-09-28,592
2023-09-29,562
2023-09-30,349
2023-10-01,335
2023-10-02,290
2023-10-03,288
2023-10-04,587
2023-10-05,627
2023-10-06,695
2023-10-07,320
2023-10-08,463
2023-10-09,259
2023-10-10,252
2023-10-11,585
2023-10-12,591
2023-10-13,607
2023-10-14,355
2023-10-15,380
2023-10-16,265
2023-10-17,280
2023-10-18,567
2023-10-19,674
2023-10-20,695
2023-10-21,348
2023-10-22,451
2023-10-23,344
2023-10-24,306
2023-10-25,606
2023-10-26,631
2023-10-27,642
2023-10-28,364
2023-10-29,389
2023-10-30,248
2023-10-31,249
2023-11-01,256
2023-11-02,515
2023-11-03,204
2023-11-04,236
2023-11-05,249
2023-11-06,261
2023-11-07,252
2023-11-08,490
2023-11-09,562
2023-11-10,575
2023-11-11,304
2023-11-12,330
2023-11-13,256
2023-11-14,280
2023-11-15,563
2023-11-16,582
2023-11-17,599
2023-11-18,303
2023-11-19,377
2023-11-20,255
2023-11-21,268
2023-11-22,591
2023-11-23,576
2023-11-24,499
2023-11-25,280
2023-11-26,251
2023-11-27,222
2023-11-28,265
2023-11-29,486
2023-11-30,533
2023-12-01,533
2023-12-02,321
2023-12-03,310
2023-12-04,228
2023-12-05,236
2023-12-06,504
2023-12-07,563
2023-12-08,499
2023-12-09,302
2023-12-10,322
2023-12-11,256
2023-12-12,237
2023-12-13,532
2023-12-14,605
2023-12-15,623
2023-12-16,353
2023-12-17,377
2023-12-18,276
2023-12-19,246
2023-12-20,644
2023-12-21,786
2023-12-22,757
2023-12-23,455
2023-12-24,511
2023-12-25,14
2023-12-26,111
2023-12-27,134
2023-12-28,328
2023-12-29,305
2023-12-30,272
2023-12-31,242
2024-01-01,10
2024-01-02,100
2024-01-03,115
2024-01-04,331
2024-01-05,416
2024-01-06,310
2024-01-07,258
2024-01-08,232
2024-01-09,255
2024-01-10,650
2024-01-11,569
2024-01-12,453
2024-01-13,260
2024-01-14,131
2024-01-15,3
2024-01-16,260
2024-01-17,138
2024-01-18,383
2024-01-19,252
2024-01-20,142
2024-01-21,159
2024-01-22,225
2024-01-23,310
2024-01-24,417
2024-01-25,463
2024-01-26,428
2024-01-27,86
2024-01-28,242
2024-01-29,218
2024-01-30,422
2024-01-31,490
2024-02-01,513
2024-02-02,609
2024-02-03,125
2024-02-04,325
2024-02-05,317
2024-02-06,376
2024-02-07,516
2024-02-08,555
2024-02-09,658
2024-02-10,135
2024-02-11,355
2024-02-12,280
2024-02-13,451
2024-02-14,540
2024-02-15,580
2024-02-16,572
2024-02-17,164
2024-02-18,324
2024-02-19,274
2024-02-20,478
2024-02-21,567
2024-02-22,578
2024-02-23,634
2024-02-24,119
2024-02-25,319
2024-02-26,281
2024-02-27,421
2024-02-28,517
2024-02-29,511
2024-03-01,563
2024-03-02,69
2024-03-03,290
2024-03-04,249
2024-03-05,423
2024-03-06,493
2024-03-07,505
2024-03-08,532
2024-03-09,99
2024-03-10,281
2024-03-11,243
2024-03-12,456
2024-03-13,521
2024-03-14,600
2024-03-15,547
2024-03-16,133
2024-03-17,320
2024-03-18,309
2024-03-19,444
2024-03-20,584
2024-03-21,583
2024-03-22,552
2024-03-23,127
2024-03-24,340
2024-03-25,287
2024-03-26,434
2024-03-27,563
2024-03-28,611
2024-03-29,644
2024-03-30,126
2024-03-31,330
2024-04-01,6
2024-04-02,266
2024-04-03,453
2024-04-04,606
2024-04-05,647
2024-04-06,131
2024-04-07,321
2024-04-08,291
2024-04-09,466
2024-04-10,585
2024-04-11,585
2024-04-12,648
2024-04-13,130
2024-04-14,344
2024-04-15,302
2024-04-16,542
2024-04-17,605
2024-04-18,674
2024-04-19,610
2024-04-20,138
2024-04-21,360
2024-04-22,286
2024-04-23,471
2024-04-24,577
2024-04-25,680
2024-04-26,671
2024-04-27,141
2024-04-28,379
2024-04-29,279
2024-04-30,517
2024-05-01,163
2024-05-02,669
2024-05-03,523
2024-05-04,126
2024-05-05,323
2024-05-06,308
2024-05-07,540
2024-05-08,348
2024-05-09,199
2024-05-10,74
2024-05-11,10
2024-05-12,82
2024-05-13,234
2024-05-14,444
2024-05-15,627
2024-05-16,593
2024-05-17,609
2024-05-18,122
2024-05-19,407
2024-05-20,12
2024-05-21,297
2024-05-22,412
2024-05-23,595
2024-05-24,611
2024-05-25,129
2024-05-26,323
2024-05-27,301
2024-05-28,464
2024-05-29,474
2024-05-30,591
2024-05-31,616
2024-06-01,138
2024-06-02,316
2024-06-03,285
2024-06-04,455
2024-06-05,554
2024-06-06,590
2024-06-07,579
2024-06-08,133
2024-06-09,349
2024-06-10,268
2024-06-11,403
2024-06-12,496
2024-06-13,594
2024-06-14,677
2024-06-15,111
2024-06-16,365
2024-06-17,252
2024-06-18,433
2024-06-19,610
2024-06-20,607
2024-06-21,671
2024-06-22,134
2024-06-23,337
2024-06-24,295
2024-06-25,463
2024-06-26,585
2024-06-27,617
2024-06-28,595
2024-06-29,151
2024-06-30,372
2024-07-01,251
2024-07-02,442
2024-07-03,577
2024-07-04,626
2024-07-05,625
2024-07-06,129
2024-07-07,408
2024-07-08,309
2024-07-09,465
2024-07-10,631
2024-07-11,627
2024-07-12,685
2024-07-13,195
2024-07-14,413
2024-07-15,234
2024-07-16,471
2024-07-17,574
2024-07-18,659
2024-07-19,664
2024-07-20,118
2024-07-21,396
2024-07-22,223
2024-07-23,406
2024-07-24,552
2024-07-25,558
2024-07-26,745
2024-07-27,5
2024-07-28,346
2024-07-29,194
2024-07-30,381
2024-07-31,519
2024-08-01,577
2024-08-02,589
2024-08-03,102
2024-08-04,321
2024-08-05,169
2024-08-06,325
2024-08-07,433
2024-08-08,438
2024-08-09,442
2024-08-10,121
2024-08-11,247
2024-08-12,143
2024-08-13,289
2024-08-14,403
2024-08-15,91
2024-08-16,290
2024-08-17,2
2024-08-18,106
2024-08-19,156
2024-08-20,259
2024-08-21,363
2024-08-22,372
2024-08-23,407
2024-08-24,117
2024-08-25,216
2024-08-26,209
2024-08-27,350
2024-08-28,401
2024-08-29,411
2024-08-30,402
2024-08-31,89
2024-09-01,284
2024-09-02,224
2024-09-03,366
2024-09-04,467
2024-09-05,490
2024-09-06,507
2024-09-07,111
2024-09-08,296
2024-09-09,238
2024-09-10,463
2024-09-11,422
2024-09-12,457
2024-09-13,493
2024-09-14,115
2024-09-15,308
2024-09-16,223
2024-09-17,398
2024-09-18,510
2024-09-19,533
2024-09-20,539
2024-09-21,106
2024-09-22,347
2024-09-23,266
2024-09-24,391
2024-09-25,544
2024-09-26,544
2024-09-27,551
2024-09-28,117
2024-09-29,340
2024-09-30,246
2024-10-01,425
2024-10-02,559
2024-10-03,580
2024-10-04,471
2024-10-05,105
2024-10-06,437
2024-10-07,294
2024-10-08,479
2024-10-09,575
2024-10-10,571
2024-10-11,609
2024-10-12,157
2024-10-13,337
2024-10-14,331
2024-10-15,426
2024-10-16,582
2024-10-17,604
2024-10-18,652
2024-10-19,178
2024-10-20,397
2024-10-21,306
2024-10-22,462
2024-10-23,548
2024-10-24,586
2024-10-25,665
2024-10-26,149
2024-10-27,364
2024-10-28,241
2024-10-29,384
2024-10-30,487
2024-10-31,530
2024-11-01,108
2024-11-02,287
2024-11-03,4
2024-11-04,206
2024-11-05,360
2024-11-06,516
2024-11-07,537
2024-11-08,580
2024-11-09,133
2024-11-10,339
2024-11-11,5
2024-11-12,214
2024-11-13,407
2024-11-14,527
2024-11-15,510
2024-11-16,142
2024-11-17,317
2024-11-18,254
2024-11-19,391
2024-11-20,463
2024-11-21,497
2024-11-22,500
2024-11-23,90
2024-11-24,253
2024-11-25,240
2024-11-26,381
2024-11-27,466
2024-11-28,460
2024-11-29,491
2024-11-30,132
2024-12-01,297
2024-12-02,195
2024-12-03,376
2024-12-04,481
2024-12-05,517
2024-12-06,546
2024-12-07,117
2024-12-08,348
2024-12-09,225
2024-12-10,377
2024-12-11,533
2024-12-12,517
2024-12-13,551
2024-12-14,162
2024-12-15,329
2024-12-16,249
2024-12-17,429
2024-12-18,577
2024-12-19,723
2024-12-20,751
2024-12-21,219
2024-12-22,540
2024-12-23,209
2024-12-24,319
2024-12-25,151
2024-12-26,307
2024-12-27,76
2024-12-28,168
2024-12-29,148
2024-12-30,104
2024-12-31,167
2025-01-01,95
2025-01-02,234
2025-01-03,204
2025-01-04,83
2025-01-05,184
2025-01-06,214
2025-01-07,411
2025-01-08,548
2025-01-09,616
2025-01-10,566
2025-01-11,152
2025-01-12,382
2025-01-13,244
2025-01-14,423
2025-01-15,531
2025-01-16,580
2025-01-17,547
2025-01-18,150
2025-01-19,363
2025-01-20,255
2025-01-21,427
2025-01-22,522
2025-01-23,538
2025-01-24,628
2025-01-25,70
2025-01-26,364
2025-01-27,261
2025-01-28,425
2025-01-29,535
2025-01-30,516
2025-01-31,580
2025-02-01,142
2025-02-02,334
2025-02-03,270
2025-02-04,401
2025-02-05,564
2025-02-06,614
2025-02-07,589
2025-02-08,161
2025-02-09,347
2025-02-10,259
2025-02-11,375
2025-02-12,510
2025-02-13,558
2025-02-14,635
2025-02-15,152
2025-02-16,367
2025-02-17,273
2025-02-18,399
2025-02-19,506
2025-02-20,532
2025-02-21,502
2025-02-22,149
2025-02-23,264
2025-02-24,267
2025-02-25,423
2025-02-26,518
2025-02-27,540
2025-02-28,558
2025-03-01,134
2025-03-02,276
2025-03-03,239
2025-03-04,392
2025-03-05,506
2025-03-06,529
2025-03-07,522
2025-03-08,122
2025-03-09,316
2025-03-10,281
2025-03-11,435
2025-03-12,532
2025-03-13,566
2025-03-14,625
2025-03-15,141
2025-03-16,367
2025-03-17,297
2025-03-18,458
2025-03-19,574
2025-03-20,597
2025-03-21,611
2025-03-22,130
2025-03-23,368
2025-03-24,258
2025-03-25,460
2025-03-26,534
2025-03-27,572
2025-03-28,624
2025-03-29,124
2025-03-30,320
2025-03-31,271
2025-04-01,447
2025-04-02,575
2025-04-03,617
2025-04-04,639
2025-04-05,148
2025-04-06,368
2025-04-07,282
2025-04-08,444
2025-04-09,571
2025-04-10,618
2025-04-11,654
2025-04-12,169
2025-04-13,427
2025-04-14,288
2025-04-15,466
2025-04-16,563
2025-04-17,636
2025-04-18,632
2025-04-19,189
2025-04-20,349
2025-04-21,12
2025-04-22,234
2025-04-23,400
2025-04-24,593
2025-04-25,706
2025-04-26,146
2025-04-27,405
2025-04-28,268
2025-04-29,520
2025-04-30,677
2025-05-01,183
2025-05-02,592
2025-05-03,8
2025-05-04,225
2025-05-05,276
2025-05-06,426
2025-05-07,673
2025-05-08,419
2025-05-09,299
2025-05-10,6
2025-05-11,224
2025-05-12,236
2025-05-13,387
2025-05-14,525
2025-05-15,568
2025-05-16,635
2025-05-17,118
2025-05-18,332
2025-05-19,296
2025-05-20,453
2025-05-21,610
2025-05-22,592
2025-05-23,660
2025-05-24,96
2025-05-25,406
2025-05-26,275
2025-05-27,476
2025-05-28,662
2025-05-29,148
2025-05-30,427
2025-05-31,4
2025-06-01,70
2025-06-02,295
2025-06-03,413
2025-06-04,544
2025-06-05,556
2025-06-06,643
2025-06-07,145
2025-06-08,357
2025-06-09,11
2025-06-10,254
2025-06-11,413
2025-06-12,538
2025-06-13,596
2025-06-14,135
2025-06-15,404
2025-06-16,281
2025-06-17,475
2025-06-18,612
2025-06-19,639
2025-06-20,604
2025-06-21,133
2025-06-22,370
2025-06-23,276
2025-06-24,241
2025-06-25,726
2025-06-26,547
2025-06-27,545
2025-06-28,115
2025-06-29,378
2025-06-30,245
2025-07-01,446
2025-07-02,613
2025-07-03,631
2025-07-04,660
2025-07-05,153
2025-07-06,382
2025-07-07,279
2025-07-08,465
2025-07-09,625
2025-07-10,673
2025-07-11,711
2025-07-12,174
2025-07-13,459
2025-07-14,8
2025-07-15,265
2025-07-16,408
2025-07-17,637
2025-07-18,686
2025-07-19,122
2025-07-20,398
2025-07-21,276
2025-07-22,456
2025-07-23,569
2025-07-24,616
2025-07-25,640
2025-07-26,184
2025-07-27,387
2025-07-28,196
2025-07-29,400
2025-07-30,456
2025-07-31,561
2025-08-01,605
2025-08-02,162
2025-08-03,361
2025-08-04,183
2025-08-05,309
2025-08-06,446
2025-08-07,470
2025-08-08,446
2025-08-09,110
2025-08-10,259
2025-08-11,143
2025-08-12,268
2025-08-13,329
2025-08-14,324
2025-08-15,59
2025-08-16,231
2025-08-17,14
2025-08-18,143
2025-08-19,316
2025-08-20,362
2025-08-21,379
2025-08-22,382
2025-08-23,88
2025-08-24,233
2025-08-25,208
2025-08-26,301
2025-08-27,422
2025-08-28,464
2025-08-29,449
2025-08-30,90
2025-08-31,251
2025-09-01,183
2025-09-02,379
2025-09-03,460
2025-09-04,473
2025-09-05,481
2025-09-06,143
2025-09-07,330
2025-09-08,259
2025-09-09,409
2025-09-10,463
2025-09-11,487
2025-09-12,465
2025-09-13,127
2025-09-14,343
2025-09-15,244
2025-09-16,396
2025-09-17,496
2025-09-18,521
2025-09-19,506
2025-09-20,161
2025-09-21,330
2025-09-22,232
2025-09-23,413
2025-09-24,448
2025-09-25,552
2025-09-26,519
2025-09-27,118
2025-09-28,299
2025-09-29,243
2025-09-30,380
2025-10-01,504
2025-10-02,580
2025-10-03,562
2025-10-04,159
2025-10-05,370
2025-10-06,253
2025-10-07,432
2025-10-08,538
2025-10-09,591
2025-10-10,538
2025-10-11,155
2025-10-12,318
2025-10-13,208
2025-10-14,343
2025-10-15,476
2025-10-16,594
2025-10-17,551
2025-10-18,184
2025-10-19,420
2025-10-20,260
2025-10-21,446
2025-10-22,553
2025-10-23,555
2025-10-24,532
2025-10-25,151
2025-10-26,338
2025-10-27,209
2025-10-28,353
2025-10-29,463
2025-10-30,533
2025-10-31,459
2025-11-01,109
2025-11-02,242
2025-11-03,226
2025-11-04,374
2025-11-05,463
2025-11-06,552
2025-11-07,591
2025-11-08,146
2025-11-09,367
2025-11-10,139
2025-11-11,112
2025-11-12,273
2025-11-13,380
2025-11-14,556
2025-11-15,113
2025-11-16,332
2025-11-17,218
2025-11-18,356
2025-11-19,514
2025-11-20,538
2025-11-21,458
2025-11-22,118
2025-11-23,295
2025-11-24,208
2025-11-25,383
2025-11-26,476
2025-11-27,509
2025-11-28,452
2025-11-29,135
2025-11-30,265
2025-12-01,203
2025-12-02,350
2025-12-03,497
2025-12-04,493
2025-12-05,497
2025-12-06,153
2025-12-07,337
2025-12-08,202
2025-12-09,407
2025-12-10,502
2025-12-11,506
2025-12-12,572
2025-12-13,141
2025-12-14,342
2025-12-15,233
2025-12-16,437
2025-12-17,574
2025-12-18,682
2025-12-19,708
2025-12-20,215
2025-12-21,475
2025-12-22,230
2025-12-23,418
2025-12-24,522
2025-12-25,149
2025-12-26,270
2025-12-28,94
2025-12-29,89
2025-12-30,237
2025-12-31,278
